{"stat.chestOpened":12,"stat.pickup.tconstruct.book":1,"stat.pickup.quark.thatch_slab":1,"stat.pickup.minecraft.bone":6,"stat.killEntity.EntityHorse":1,"stat.pickup.buildingbricks.rock_step":1,"stat.useItem.minecraft.stone":10,"stat.leaveGame":13,"stat.pickup.minecraft.arrow":2,"stat.useItem.chiselsandbits.block_bit":10,"stat.useItem.mineralogy.limestone":180,"stat.useItem.minecraft.carpet":6,"stat.useItem.minecraft.diamond_sword":9,"stat.useItem.buildingbricks.rock_step":55,"stat.useItem.buildingbricks.rock_wall":2,"stat.useItem.biomesoplenty.other_slab":17,"stat.jump":297,"stat.swimOneCm":625,"stat.crouchOneCm":5108,"stat.pickup.minecraft.dirt":1,"stat.useItem.minecraft.dirt":17,"achievement.exploreAllBiomes":{"value":0,"progress":["ForestHills","Forest","Plains","Taiga"]},"stat.useItem.minecraft.water_bucket":6,"stat.useItem.biomesoplenty.mud_brick_block":372,"stat.useItem.buildingbricks.grass_slab":31,"stat.drop.chiselsandbits.tape_measure":1,"stat.useItem.mineralogy.limestone_slab":37,"stat.pickup.quark.colored_bed_item":1,"stat.useItem.minecraft.furnace":1,"stat.useItem.mineralogy.gypsum":1,"stat.flyOneCm":275208,"stat.pickup.minecraft.wheat_seeds":32,"stat.pickup.chiselsandbits.tape_measure":2,"stat.damageDealt":418,"stat.useItem.minecraft.wool":28,"stat.sleepInBed":2,"stat.timeSinceDeath":262134,"stat.useItem.quark.thatch_stairs":15,"stat.useItem.quark.colored_bed_item":4,"stat.useItem.minecraft.fence_gate":5,"stat.useItem.minecraft.spawn_egg":4,"stat.pickup.chiselsandbits.block_bit":1,"stat.useItem.minecraft.command_block":2,"stat.useItem.malisisdoors.curtain_white":9,"stat.walkOneCm":479637,"stat.useItem.minecraft.torch":11,"stat.useItem.minecraft.chest":32,"stat.useItem.minecraft.log":35,"stat.useItem.minecraft.cobblestone":19,"stat.pickup.biomesoplenty.mud_brick_stairs":1,"stat.useItem.minecraft.redstone":10,"stat.useItem.minecraft.item_frame":3,"stat.pickup.minecraft.sapling":2,"stat.pickup.biomesoplenty.flower_0":9,"stat.sprintOneCm":87,"stat.useItem.minecraft.redstone_ore":2,"stat.useItem.minecraft.hay_block":16,"stat.useItem.minecraft.fence":135,"stat.useItem.minecraft.netherrack":2,"stat.useItem.buildingbricks.cloth_step":6,"stat.killEntity.Skeleton":1,"stat.useItem.minecraft.stone_slab":11,"stat.useItem.morematerials.thatched_roofing":14,"achievement.openInventory":114,"stat.useItem.minecraft.flint_and_steel":4,"stat.pickup.minecraft.grass":1,"stat.drop.mineralogy.limestone":1,"stat.pickup.biomesoplenty.berries":1,"stat.useItem.minecraft.daylight_detector":1,"achievement.obtain_flowers":8,"stat.mobKills":2,"stat.useItem.minecraft.stonebrick":1,"stat.pickup.minecraft.water_bucket":1,"stat.drop":2,"stat.useItem.mineralogy.limestone_stairs":2,"stat.playOneMinute":262134,"stat.useItem.mineralogy.drywall_silver":155,"stat.pickup.minecraft.torch":1,"stat.useItem.minecraft.ladder":3,"stat.sneakTime":2780,"stat.useItem.quark.thatch":343,"stat.useItem.chiselsandbits.tape_measure":19,"stat.diveOneCm":1082}