{"stat.chestOpened":6,"stat.useItem.biomesoplenty.hot_spring_water_bucket":4,"stat.pickup.minecraft.bone":1,"stat.killEntity.EntityHorse":2,"stat.pickup.buildingbricks.rock_step":2,"stat.horseOneCm":456,"stat.leaveGame":5,"stat.useItem.mineralogy.limestone":392,"stat.useItem.minecraft.carpet":3,"stat.pickup.mineralogy.drywall_silver":1,"stat.useItem.minecraft.diamond_sword":16,"stat.useItem.buildingbricks.rock_step":98,"stat.pickup.morematerials.thatched_roofing":1,"stat.jump":898,"stat.swimOneCm":1293,"stat.crouchOneCm":8635,"stat.useItem.minecraft.dirt":60,"achievement.exploreAllBiomes":{"value":0,"progress":["ForestHills","Forest","Plains","Taiga"]},"stat.useItem.minecraft.water_bucket":16,"stat.pickup.mineralogy.limestone":1,"stat.useItem.biomesoplenty.mud_brick_block":571,"stat.pickup.harvestcraft.oatsItem":1,"stat.drop.chiselsandbits.tape_measure":2,"stat.useItem.mineralogy.limestone_slab":127,"stat.useItem.biomesoplenty.stone":1,"stat.pickup.minecraft.leather":2,"stat.pickup.quark.colored_bed_item":1,"stat.useItem.minecraft.furnace":7,"stat.pickup.minecraft.cobblestone":1,"stat.flyOneCm":275442,"stat.pickup.minecraft.wheat_seeds":38,"stat.useItem.malisisdoors.rustyLadder":3,"stat.pickup.minecraft.cactus":1,"stat.pickup.chiselsandbits.tape_measure":3,"stat.damageDealt":721,"stat.useItem.minecraft.wool":62,"stat.sleepInBed":2,"stat.timeSinceDeath":209379,"stat.useItem.quark.thatch_stairs":9,"stat.useItem.quark.colored_bed_item":9,"stat.useItem.minecraft.spawn_egg":18,"stat.pickup.minecraft.flint_and_steel":1,"stat.walkOneCm":627409,"stat.useItem.minecraft.torch":64,"stat.useItem.quark.thatch_slab":9,"stat.useItem.minecraft.chest":44,"stat.pickup.minecraft.wooden_axe":2,"stat.useItem.minecraft.log":15,"stat.pickup.mineralogy.limestone_smooth_brick_slab":1,"stat.useItem.minecraft.cobblestone":41,"stat.pickup.malisisdoors.rustyLadder":1,"stat.furnaceInteraction":1,"stat.pickup.minecraft.carpet":1,"stat.pickup.minecraft.rabbit_foot":1,"stat.useItem.mineralogy.limestone_smooth_brick_slab":2,"stat.useItem.mineralogy.drywall_white":2,"stat.useItem.biomesoplenty.terrarium":1,"stat.pickup.minecraft.furnace":1,"stat.useItem.minecraft.item_frame":5,"stat.pickup.quark.thatch":1,"stat.drop.quark.thatch":1,"stat.pickup.minecraft.sapling":4,"stat.sprintOneCm":11902,"stat.pickup.biomesoplenty.flower_0":7,"stat.pickup.minecraft.ladder":1,"stat.useItem.minecraft.fence":27,"stat.useItem.minecraft.netherrack":9,"stat.killEntity.Skeleton":1,"stat.pickup.minecraft.beetroot":2,"stat.pickup.biomesoplenty.stone":193,"stat.useItem.morematerials.thatched_roofing":13,"achievement.openInventory":144,"stat.useItem.minecraft.flint_and_steel":8,"stat.pickup.minecraft.grass":1,"stat.drop.buildingbricks.rock_step":2,"achievement.obtain_flowers":7,"stat.mobKills":4,"stat.useItem.minecraft.bucket":6,"stat.pickup.mineralogy.drywall_white":1,"stat.drop":6,"stat.playOneMinute":209379,"stat.useItem.mineralogy.drywall_silver":472,"stat.pickup.minecraft.torch":15,"stat.pickup.quark.thatch_stairs":1,"stat.useItem.minecraft.ladder":3,"stat.sneakTime":2166,"stat.useItem.quark.thatch":500,"stat.pickup.minecraft.wool":2,"stat.useItem.chiselsandbits.tape_measure":10,"stat.drop.minecraft.torch":1,"stat.diveOneCm":888,"stat.pickup.minecraft.chest":1}